city_id,name,category,note,小型家電,Web申し込み,区で違うもの
bfcc4cbe-7741-4322-ae7f-2de92c94d1b0,アイロン,不燃・粗大,,小,,
bfcc4cbe-7741-4322-ae7f-2de92c94d1b0,アイロン台（金属製）,不燃・粗大,,,○,
bfcc4cbe-7741-4322-ae7f-2de92c94d1b0,アイロン台（非金属）,可燃ごみ,１ｍを超えるものは不燃・粗大ごみへ,,,
bfcc4cbe-7741-4322-ae7f-2de92c94d1b0,足こぎ自動車(子どもの玩具）,不燃・粗大,,,○,
bfcc4cbe-7741-4322-ae7f-2de92c94d1b0,アコーディオンカーテン,不燃・粗大,,,○,
bfcc4cbe-7741-4322-ae7f-2de92c94d1b0,穴あけパンチ,不燃・粗大,,,,
bfcc4cbe-7741-4322-ae7f-2de92c94d1b0,油（食用油）,可燃ごみ,固めるか、紙や布にしみこませて出す,,,
bfcc4cbe-7741-4322-ae7f-2de92c94d1b0,油（食用油）のプラスチック容器,可燃ごみ,中身を使い切り、油分はできるだけ取る,,,
bfcc4cbe-7741-4322-ae7f-2de92c94d1b0,雨樋（金属・非金属）,不燃・粗大,排出が多い場合は縛る,,○,
bfcc4cbe-7741-4322-ae7f-2de92c94d1b0,編み機,不燃・粗大,電気式は小型家電でも可,小,○,
bfcc4cbe-7741-4322-ae7f-2de92c94d1b0,網戸,不燃・粗大,個人で取り外したものに限る,,,
bfcc4cbe-7741-4322-ae7f-2de92c94d1b0,アルバム,可燃ごみ,,,,
bfcc4cbe-7741-4322-ae7f-2de92c94d1b0,アルミガード（天ぷらガード）,不燃・粗大,,,,
bfcc4cbe-7741-4322-ae7f-2de92c94d1b0,アルミサッシ,不燃・粗大,個人で取り外したものに限る,,,
bfcc4cbe-7741-4322-ae7f-2de92c94d1b0,アルミホイル,可燃ごみ,,,,
bfcc4cbe-7741-4322-ae7f-2de92c94d1b0,安全靴,可燃ごみ,金属入りのものは不燃・粗大ごみへ,,,
bfcc4cbe-7741-4322-ae7f-2de92c94d1b0,アンプ（音を増幅する機械）,不燃・粗大,,小,○,
bfcc4cbe-7741-4322-ae7f-2de92c94d1b0,アンテナ（パラボラ、パラボラ以外）,不燃・粗大,屋外用は分解して出す。パラボラアンテナは小型家電でも可,小,○,
bfcc4cbe-7741-4322-ae7f-2de92c94d1b0,石,収集不可,購入店または専門の処理業者に相談,,,
bfcc4cbe-7741-4322-ae7f-2de92c94d1b0,石臼,不燃・粗大,,,,
bfcc4cbe-7741-4322-ae7f-2de92c94d1b0,衣装ケース（一段）,可燃ごみ,指定袋に入れるか、【不用】と表示して出す,,,
bfcc4cbe-7741-4322-ae7f-2de92c94d1b0,衣装ケース（多段）,不燃・粗大,,,,
bfcc4cbe-7741-4322-ae7f-2de92c94d1b0,いす（金属製）,不燃・粗大,,,○,
bfcc4cbe-7741-4322-ae7f-2de92c94d1b0,いす（木製・プラスチック製）,不燃・粗大,解体して１ｍ以内であれば可燃ごみでも可,,○,
bfcc4cbe-7741-4322-ae7f-2de92c94d1b0,一輪車（スポーツ用・ねこ・金属製）,不燃・粗大,,,○,
bfcc4cbe-7741-4322-ae7f-2de92c94d1b0,衣服,可燃ごみ,自治会・町内会等で実施している集団回収で集めている場合はできるだけそちらへ,,,
bfcc4cbe-7741-4322-ae7f-2de92c94d1b0,イヤホン,不燃・粗大,,小,,
bfcc4cbe-7741-4322-ae7f-2de92c94d1b0,衣類乾燥機,収集不可,家電リサイクル法対象品,,,
bfcc4cbe-7741-4322-ae7f-2de92c94d1b0,印鑑（木製・プラスチック製）,可燃ごみ,金属製のものは不燃・粗大ごみへ,,,
bfcc4cbe-7741-4322-ae7f-2de92c94d1b0,インクカートリッジ,可燃ごみ,リサイクルできるものは販売店等の回収箱へ,,,
bfcc4cbe-7741-4322-ae7f-2de92c94d1b0,植木鉢（陶器製）,不燃・粗大,,,,
bfcc4cbe-7741-4322-ae7f-2de92c94d1b0,植木鉢(プラスチック製）,可燃ごみ,,,,
bfcc4cbe-7741-4322-ae7f-2de92c94d1b0,ウォーキングマシン（健康器具）,不燃・粗大,電気式は小型家電でも可,小,○,
bfcc4cbe-7741-4322-ae7f-2de92c94d1b0,臼,不燃・粗大,,,○,
bfcc4cbe-7741-4322-ae7f-2de92c94d1b0,ウッドデッキ,不燃・粗大,解体して１ｍ以内であれば可燃ごみでも可,,,
bfcc4cbe-7741-4322-ae7f-2de92c94d1b0,乳母車,不燃・粗大,,,○,
bfcc4cbe-7741-4322-ae7f-2de92c94d1b0,ウレタンマット,可燃ごみ,指定袋に入れるか、たたんでひもでしばり【不用】と表示して出す,,,
bfcc4cbe-7741-4322-ae7f-2de92c94d1b0,エアガン（金属製）,不燃・粗大,,,,
bfcc4cbe-7741-4322-ae7f-2de92c94d1b0,エアガン（非金属製）,可燃ごみ,,,,
bfcc4cbe-7741-4322-ae7f-2de92c94d1b0,エアコン,収集不可,家電リサイクル法対象品,,,
bfcc4cbe-7741-4322-ae7f-2de92c94d1b0,エアーウォーカー（健康器具）,不燃・粗大,,,○,
bfcc4cbe-7741-4322-ae7f-2de92c94d1b0,映像機器（各種ビデオカメラ、各種録音再生デッキ、チューナー,不燃・粗大,,小,○,
bfcc4cbe-7741-4322-ae7f-2de92c94d1b0,ＭＤ,可燃ごみ,,,,
bfcc4cbe-7741-4322-ae7f-2de92c94d1b0,ＭＤプレイヤー,不燃・粗大,,小,○,
bfcc4cbe-7741-4322-ae7f-2de92c94d1b0,ＬＰガスボンベ類,収集不可,購入店または取扱店、製造メーカーに相談,,,
bfcc4cbe-7741-4322-ae7f-2de92c94d1b0,エレクトーン,不燃・粗大,,小,,
bfcc4cbe-7741-4322-ae7f-2de92c94d1b0,エンジンオイル,収集不可,購入店または取扱店に相談。紙や布にしみ込ませれば可燃ごみでも可,,,
bfcc4cbe-7741-4322-ae7f-2de92c94d1b0,延長コード（室内用）,不燃・粗大,,小,,
bfcc4cbe-7741-4322-ae7f-2de92c94d1b0,オイルヒーター,不燃・粗大,オイルは購入店または取扱店、製造メーカーに相談,,,
bfcc4cbe-7741-4322-ae7f-2de92c94d1b0,オートバイ,収集不可,二輪車リサイクルシステムへ,,,
bfcc4cbe-7741-4322-ae7f-2de92c94d1b0,オーブントースター,不燃・粗大,,小,○,
bfcc4cbe-7741-4322-ae7f-2de92c94d1b0,オーブンレンジ（電気）,不燃・粗大,,小,,
bfcc4cbe-7741-4322-ae7f-2de92c94d1b0,オーブンレンジ（ガス）,不燃・粗大,,,,
bfcc4cbe-7741-4322-ae7f-2de92c94d1b0,置物（像・壺・はく製）,不燃・粗大,,,○,
bfcc4cbe-7741-4322-ae7f-2de92c94d1b0,落ち葉（木の葉）,可燃ごみ,指定袋に入れて出す。10袋を超える場合は清掃工場に直接持ち込むか、何回かに分けて出す,,,
bfcc4cbe-7741-4322-ae7f-2de92c94d1b0,斧,不燃・粗大,刃は紙等に包み、危険防止措置をして出す。,,○,
bfcc4cbe-7741-4322-ae7f-2de92c94d1b0,おまる,可燃ごみ,水洗いして出す,,,
bfcc4cbe-7741-4322-ae7f-2de92c94d1b0,おむつ（紙おむつを含む）,可燃ごみ,汚物は取り除く,,,
bfcc4cbe-7741-4322-ae7f-2de92c94d1b0,おもちゃ（電気・電池等でうごくもの）,不燃・粗大,電池は外す,小,,
bfcc4cbe-7741-4322-ae7f-2de92c94d1b0,おもちゃ(木製・プラスチック製）,可燃ごみ,,,,
bfcc4cbe-7741-4322-ae7f-2de92c94d1b0,おもり（釣具）,不燃・粗大,,,,
bfcc4cbe-7741-4322-ae7f-2de92c94d1b0,オルガン（電子オルガンを含む）,不燃・粗大,大型のものは収集不可。電子オルガンは小型家電でも可,小,,
bfcc4cbe-7741-4322-ae7f-2de92c94d1b0,オルゴール,不燃・粗大,電気式は小型家電でも可,小,,
bfcc4cbe-7741-4322-ae7f-2de92c94d1b0,温度計（水銀あり）,不燃・粗大,中が見える小袋等に入れ、他のものと分けて出す,,○,
bfcc4cbe-7741-4322-ae7f-2de92c94d1b0,温度計（水銀なし）,不燃・粗大,電気式は小型家電でも可。電池は外す,小,○,
bfcc4cbe-7741-4322-ae7f-2de92c94d1b0,カーテン,可燃ごみ,自治会・町内会等で実施している集団回収で集めている場合はできるだけそちらへ,,,
bfcc4cbe-7741-4322-ae7f-2de92c94d1b0,カーテンレール,不燃・粗大,木製のものは、解体して１ｍ以内であれば可燃ごみでも可,,○,
bfcc4cbe-7741-4322-ae7f-2de92c94d1b0,カーペット・じゅうたん,可燃ごみ,指定袋に入れるか、1m以内にしてヒモでしばり、【不用】と表示して出す。1mを超える場合は不燃・粗大ごみへ,,,
bfcc4cbe-7741-4322-ae7f-2de92c94d1b0,カーペット(電気式）,不燃・粗大,,小,,
bfcc4cbe-7741-4322-ae7f-2de92c94d1b0,懐中電灯,不燃・粗大,電池は外す,小,,
bfcc4cbe-7741-4322-ae7f-2de92c94d1b0,カイロ（使い捨て）,可燃ごみ,,,,
bfcc4cbe-7741-4322-ae7f-2de92c94d1b0,カイロ（電気式）,不燃・粗大,,小,,
bfcc4cbe-7741-4322-ae7f-2de92c94d1b0,鏡,不燃・粗大,,,,
bfcc4cbe-7741-4322-ae7f-2de92c94d1b0,かき氷機,不燃・粗大,電気式は小型家電でも可。プラスチック製は可燃ごみへ,小,,
bfcc4cbe-7741-4322-ae7f-2de92c94d1b0,額縁,不燃・粗大,木製・プラスチック製などの可燃性で、１m以内のものは可燃ごみへ,,○,
bfcc4cbe-7741-4322-ae7f-2de92c94d1b0,家具の一部（金属製）,不燃・粗大,,,○,
bfcc4cbe-7741-4322-ae7f-2de92c94d1b0,家具の一部（非金属）,不燃・粗大,木製・プラスチック製などの可燃性で、１m以内のものは可燃ごみへ,,○,
bfcc4cbe-7741-4322-ae7f-2de92c94d1b0,かご（金属製）,不燃・粗大,,,○,
bfcc4cbe-7741-4322-ae7f-2de92c94d1b0,かご（非金属）,不燃・粗大,木製・プラスチック製などの可燃性で、１m以内のものは可燃ごみへ,,○,
bfcc4cbe-7741-4322-ae7f-2de92c94d1b0,傘,不燃・粗大,大人1人で持てる程度に束ねる。,,○,
bfcc4cbe-7741-4322-ae7f-2de92c94d1b0,傘立て（金属製）,不燃・粗大,,,○,
bfcc4cbe-7741-4322-ae7f-2de92c94d1b0,傘立て（非金属）,不燃・粗大,木製・プラスチック製などの可燃性で、１m以内のものは可燃ごみへ,,○,
bfcc4cbe-7741-4322-ae7f-2de92c94d1b0,加湿器,不燃・粗大,水は抜く,小,○,
bfcc4cbe-7741-4322-ae7f-2de92c94d1b0,ガスコンロ（卓上コンロ・五徳含む）,不燃・粗大,,,○,
bfcc4cbe-7741-4322-ae7f-2de92c94d1b0,ガステーブル・ガス台（テーブルや台上のコンロ、グリル付含む）,不燃・粗大,,,○,
bfcc4cbe-7741-4322-ae7f-2de92c94d1b0,ガスファンヒーター,不燃・粗大,電池は外す,小,○,
bfcc4cbe-7741-4322-ae7f-2de92c94d1b0,ガスストーブ,不燃・粗大,,,○,
bfcc4cbe-7741-4322-ae7f-2de92c94d1b0,ガスレンジカバー（硬質金属／ステンレス等、ガスレンジ周りのつい立等）,不燃・粗大,,,○,
bfcc4cbe-7741-4322-ae7f-2de92c94d1b0,カセットコンロ・ガスコンロ,不燃・粗大,電池とカセットコンロ用ボンベは外す,,○,
bfcc4cbe-7741-4322-ae7f-2de92c94d1b0,カセットコンロ用ボンベ,資源回収,ガスを使い切り、火の気のない風通しの良い場所で穴をあけて出す,,,
bfcc4cbe-7741-4322-ae7f-2de92c94d1b0,カセットテープ,可燃ごみ,,,,
bfcc4cbe-7741-4322-ae7f-2de92c94d1b0,カセットデッキ,不燃・粗大,,小,○,
bfcc4cbe-7741-4322-ae7f-2de92c94d1b0,ガソリン,収集不可,購入店または取扱店へ相談,,,
bfcc4cbe-7741-4322-ae7f-2de92c94d1b0,楽器（金属／フルート、トランペット、堅琴、ドラムセット、シンバルなど）,不燃・粗大,,,○,
bfcc4cbe-7741-4322-ae7f-2de92c94d1b0,楽器（非金属／リコーダー、尺八、ギター、バイオリン、ハープ、琴等）,不燃・粗大,可燃性で１ｍ以内のものは可燃ごみへ,,○,
bfcc4cbe-7741-4322-ae7f-2de92c94d1b0,カッター,不燃・粗大,刃は紙等に包み、危険防止措置をして出す,,,
bfcc4cbe-7741-4322-ae7f-2de92c94d1b0,カップ麺の容器,可燃ごみ,水気を切って出す,,,
bfcc4cbe-7741-4322-ae7f-2de92c94d1b0,かばん（金属製）,不燃・粗大,,,,
bfcc4cbe-7741-4322-ae7f-2de92c94d1b0,かばん（非金属）,可燃ごみ,指定袋に入らないものは【不用】と表示して出す。１ｍを超える大型のものは不燃・粗大ごみへ,,,
bfcc4cbe-7741-4322-ae7f-2de92c94d1b0,画鋲,不燃・粗大,紙等に包み、危険防止措置をして出す,,,
bfcc4cbe-7741-4322-ae7f-2de92c94d1b0,花瓶（金属製）,不燃・粗大,,,○,清水
bfcc4cbe-7741-4322-ae7f-2de92c94d1b0,花瓶（非金属）,不燃・粗大,木製・プラスチック製などの可燃性で、１m以内のものは可燃ごみへ,,○,
bfcc4cbe-7741-4322-ae7f-2de92c94d1b0,紙コップ・紙皿,可燃ごみ,,,,
bfcc4cbe-7741-4322-ae7f-2de92c94d1b0,紙芯（トイレットペーパー等）,集団回収,古紙類は、自治会・町内会等で実施している集団古紙回収や民間事業者等へ,,,
bfcc4cbe-7741-4322-ae7f-2de92c94d1b0,鎌,不燃・粗大,刃を紙等に包み、危険防止措置をして出す,,○,
bfcc4cbe-7741-4322-ae7f-2de92c94d1b0,カミソリ,不燃・粗大,刃を紙等に包み、危険防止措置をして出す,,,
bfcc4cbe-7741-4322-ae7f-2de92c94d1b0,紙粘土,可燃ごみ,,,,
bfcc4cbe-7741-4322-ae7f-2de92c94d1b0,紙箱（食料品・日用品等）,集団回収,古紙類は、自治会・町内会等で実施している集団古紙回収や民間事業者等へ,,,
bfcc4cbe-7741-4322-ae7f-2de92c94d1b0,紙パック,集団回収,古紙類は、自治会・町内会等で実施している集団古紙回収や民間事業者等へ,,,
bfcc4cbe-7741-4322-ae7f-2de92c94d1b0,紙袋,集団回収,古紙類は、自治会・町内会等で実施している集団古紙回収や民間事業者等へ,,,
bfcc4cbe-7741-4322-ae7f-2de92c94d1b0,ガムテープ（布ガムテープを含む）,可燃ごみ,,,,
bfcc4cbe-7741-4322-ae7f-2de92c94d1b0,カメラ,不燃・粗大,電池は外す,小,,
bfcc4cbe-7741-4322-ae7f-2de92c94d1b0,カメラレンズ,不燃・粗大,,,,
bfcc4cbe-7741-4322-ae7f-2de92c94d1b0,カラーボックス,可燃ごみ,指定袋に入らないものは【不用】と表示して出す。１ｍを超える大型のものは不燃・粗大ごみへ,,,
bfcc4cbe-7741-4322-ae7f-2de92c94d1b0,ガラス・ガラス容器,不燃・粗大,,,,
bfcc4cbe-7741-4322-ae7f-2de92c94d1b0,カラオケセット,不燃・粗大,,小,○,
bfcc4cbe-7741-4322-ae7f-2de92c94d1b0,カレンダー,集団回収,古紙類は、自治会・町内会等で実施している集団古紙回収や民間事業者等へ,,,
bfcc4cbe-7741-4322-ae7f-2de92c94d1b0,革製品,可燃ごみ,指定袋に入らないものは【不用】と表示して出す。１ｍを超える大型のものは不燃・粗大ごみへ,,,
bfcc4cbe-7741-4322-ae7f-2de92c94d1b0,瓦,収集不可,購入店または取扱店、製造メーカーに相談,,,
bfcc4cbe-7741-4322-ae7f-2de92c94d1b0,アルミ缶,資源回収,錆や汚れがひどい場合は不燃・粗大へ,,,
bfcc4cbe-7741-4322-ae7f-2de92c94d1b0,スチール缶,資源回収,錆や汚れがひどい場合は不燃・粗大へ,,,
bfcc4cbe-7741-4322-ae7f-2de92c94d1b0,油の缶,資源回収,油分を取り除いて出す　錆や汚れがひどい場合は不燃・粗大へ,,,
bfcc4cbe-7741-4322-ae7f-2de92c94d1b0,一斗缶（家庭用）,不燃・粗大,事業用は回収不可,,,清水
bfcc4cbe-7741-4322-ae7f-2de92c94d1b0,お茶の缶,資源回収,錆や汚れがひどい場合は不燃・粗大へ,,,
bfcc4cbe-7741-4322-ae7f-2de92c94d1b0,菓子・海苔・ミルク等の缶,資源回収,錆や汚れがひどい場合は不燃・粗大へ,,,
bfcc4cbe-7741-4322-ae7f-2de92c94d1b0,スプレー缶,資源回収,使い切り、穴を開けずに中の見える袋に入れ「スプレー缶」と表示して出す　詳しくはこちら,,,清水
bfcc4cbe-7741-4322-ae7f-2de92c94d1b0,ペンキの缶,資源回収,中身をふき取って出す　錆や汚れがひどい場合は不燃・粗大へ,,,
bfcc4cbe-7741-4322-ae7f-2de92c94d1b0,缶のふた（金属）,資源回収,缶回収ネットの網目より小さいものは不燃・粗大ごみへ,,,清水
bfcc4cbe-7741-4322-ae7f-2de92c94d1b0,換気扇,不燃・粗大,,小,,
bfcc4cbe-7741-4322-ae7f-2de92c94d1b0,換気扇フード（金属・非金属）,不燃・粗大,可燃性で１ｍ以内のものは可燃ごみへ,,○,
bfcc4cbe-7741-4322-ae7f-2de92c94d1b0,乾燥機（衣類乾燥機を除く）,不燃・粗大,,小,,
bfcc4cbe-7741-4322-ae7f-2de92c94d1b0,乾燥剤（シリカゲル）,可燃ごみ,,,,
bfcc4cbe-7741-4322-ae7f-2de92c94d1b0,乾電池（マンガン・アルカリ）,不燃・粗大,,,○,
bfcc4cbe-7741-4322-ae7f-2de92c94d1b0,感熱紙,可燃ごみ,,,,
bfcc4cbe-7741-4322-ae7f-2de92c94d1b0,木（枝・幹・根）,可燃ごみ,太さ20cm以内・長さ1m以内にして指定袋に入れるか、束ねて出す,,,
bfcc4cbe-7741-4322-ae7f-2de92c94d1b0,木の板,可燃ごみ,長さ1m以内にして指定袋に入れるか、束ねて出す,,,
bfcc4cbe-7741-4322-ae7f-2de92c94d1b0,木の棒,可燃ごみ,太さ20cm以内・長さ1m以内にして指定袋に入れるか、束ねて出す,,,
bfcc4cbe-7741-4322-ae7f-2de92c94d1b0,ギター（エレキ）,不燃・粗大,,小,,
bfcc4cbe-7741-4322-ae7f-2de92c94d1b0,ギター（クラシック）,不燃・粗大,,,,
bfcc4cbe-7741-4322-ae7f-2de92c94d1b0,ギターアンプ,不燃・粗大,,小,,
bfcc4cbe-7741-4322-ae7f-2de92c94d1b0,キックボード（金属）,不燃・粗大,,,○,
bfcc4cbe-7741-4322-ae7f-2de92c94d1b0,キーボード（楽器）,不燃・粗大,,小,,
bfcc4cbe-7741-4322-ae7f-2de92c94d1b0,キーボード(パソコン）,不燃・粗大,パソコンリサイクルと同時に申し込みも可能,小,,
bfcc4cbe-7741-4322-ae7f-2de92c94d1b0,杵（きね）,可燃ごみ,長さ1mを超えるものは不燃・粗大ごみへ,,,
bfcc4cbe-7741-4322-ae7f-2de92c94d1b0,牛乳パック,集団回収,古紙類は、自治会・町内会等で実施している集団古紙回収や民間事業者等へ,,,
bfcc4cbe-7741-4322-ae7f-2de92c94d1b0,キャリア（車用品）　（金属・非金属）,不燃・粗大,,,○,
bfcc4cbe-7741-4322-ae7f-2de92c94d1b0,キャリーカート,不燃・粗大,プラスチック製で１ｍ以内のものは可燃ごみへ,,,
bfcc4cbe-7741-4322-ae7f-2de92c94d1b0,キャリー（バッグ付含む）（金属・非金属）,不燃・粗大,可燃性のもので１ｍ以内は可燃ごみへ,,○,
bfcc4cbe-7741-4322-ae7f-2de92c94d1b0,キャンプ用品（いす）　（金属・非金属）,不燃・粗大,可燃性のもので１ｍ以内は可燃ごみへ,,○,
bfcc4cbe-7741-4322-ae7f-2de92c94d1b0,キャンプ用品（タープ）,不燃・粗大,生地部分は可燃ごみへ,,○,
bfcc4cbe-7741-4322-ae7f-2de92c94d1b0,キャンプ用品（テーブル）　（金属・非金属）,不燃・粗大,可燃性のもので１ｍ以内は可燃ごみへ,,○,
bfcc4cbe-7741-4322-ae7f-2de92c94d1b0,キャンプ用品（テント）,不燃・粗大,生地部分は可燃ごみへ,,○,
bfcc4cbe-7741-4322-ae7f-2de92c94d1b0,キャンプ用品（パラソル）,不燃・粗大,,,○,
bfcc4cbe-7741-4322-ae7f-2de92c94d1b0,キャンプ用品（バーベキュー台）,不燃・粗大,,,○,
bfcc4cbe-7741-4322-ae7f-2de92c94d1b0,教科書,集団回収,古紙類は、自治会・町内会等で実施している集団古紙回収や民間事業者等へ,,,
bfcc4cbe-7741-4322-ae7f-2de92c94d1b0,鏡台・ドレッサー,不燃・粗大,,,○,
bfcc4cbe-7741-4322-ae7f-2de92c94d1b0,金魚鉢（ガラス製）,不燃・粗大,,,,
bfcc4cbe-7741-4322-ae7f-2de92c94d1b0,金魚鉢（プラスチック製）,可燃ごみ,,,,
bfcc4cbe-7741-4322-ae7f-2de92c94d1b0,金庫（耐火）,収集不可,購入店または取扱店、製造メーカーに相談　,,,
bfcc4cbe-7741-4322-ae7f-2de92c94d1b0,金庫（手提げ）,不燃・粗大,,,,
bfcc4cbe-7741-4322-ae7f-2de92c94d1b0,空気清浄機,不燃・粗大,,小,○,
bfcc4cbe-7741-4322-ae7f-2de92c94d1b0,空気入れ（金属）,不燃・粗大,,,○,
bfcc4cbe-7741-4322-ae7f-2de92c94d1b0,空気入れ（非金属）,可燃ごみ,,,,
bfcc4cbe-7741-4322-ae7f-2de92c94d1b0,クーラーボックス（プラスチック製）,可燃ごみ,金属製のもの、1mを超えるものは不燃・粗大ごみへ,,○,
bfcc4cbe-7741-4322-ae7f-2de92c94d1b0,釘・クリップ,不燃・粗大,先端は紙等に包み、危険防止措置をして出す,,,
bfcc4cbe-7741-4322-ae7f-2de92c94d1b0,草,可燃ごみ,土はできるだけ落として指定袋に入れるか、束ねて出す。１度に１０袋又は、１０束まで。,,,
bfcc4cbe-7741-4322-ae7f-2de92c94d1b0,草刈機(燃料式),不燃・粗大,農業用・事業用は収集不可,,,
bfcc4cbe-7741-4322-ae7f-2de92c94d1b0,草刈機（電気式）,不燃・粗大,農業用・事業用は収集不可,小,,
bfcc4cbe-7741-4322-ae7f-2de92c94d1b0,鎖（金属製）,不燃・粗大,プラスチック製は可燃ごみへ,,,
bfcc4cbe-7741-4322-ae7f-2de92c94d1b0,串,可燃ごみ,先端は紙等に包み、危険防止措置をして出す,,,
bfcc4cbe-7741-4322-ae7f-2de92c94d1b0,靴,可燃ごみ,,,,
bfcc4cbe-7741-4322-ae7f-2de92c94d1b0,クッション,可燃ごみ,指定袋に入れるか、1m以内にしてヒモでしばり【不用】と表示して出す,,,
bfcc4cbe-7741-4322-ae7f-2de92c94d1b0,グリス,収集不可,購入店または取扱店、製造メーカーに相談,,,
bfcc4cbe-7741-4322-ae7f-2de92c94d1b0,クリスマスツリー（金属・非金属）,不燃・粗大,可燃性のもので１ｍ以内は可燃ごみへ,,○,
bfcc4cbe-7741-4322-ae7f-2de92c94d1b0,クレヨン,可燃ごみ,,,,
bfcc4cbe-7741-4322-ae7f-2de92c94d1b0,グローブ,可燃ごみ,,,,
bfcc4cbe-7741-4322-ae7f-2de92c94d1b0,鍬・すき,不燃・粗大,刃は紙等に包み、危険防止措置をして出す,,○,
bfcc4cbe-7741-4322-ae7f-2de92c94d1b0,蛍光管・蛍光灯,不燃・粗大,他の不燃・粗大ごみとは分けて、「購入時の箱」か「中の見える袋」に入れて出す　詳しくはこちら,,○,
bfcc4cbe-7741-4322-ae7f-2de92c94d1b0,携帯電話,不燃・粗大,販売店等で回収している場合はできるだけそちらへ,小,,
bfcc4cbe-7741-4322-ae7f-2de92c94d1b0,ゲーム機（家庭用）,不燃・粗大,,小,,
bfcc4cbe-7741-4322-ae7f-2de92c94d1b0,ゲームソフト,可燃ごみ,,,,
bfcc4cbe-7741-4322-ae7f-2de92c94d1b0,毛皮製品（ムートンを含む）,可燃ごみ,,,,
bfcc4cbe-7741-4322-ae7f-2de92c94d1b0,化粧品のケース（金属製）,不燃・粗大,,,,
bfcc4cbe-7741-4322-ae7f-2de92c94d1b0,化粧品のケース（プラスチック製）,可燃ごみ,,,,
bfcc4cbe-7741-4322-ae7f-2de92c94d1b0,化粧品のびん,不燃・粗大,,,,
bfcc4cbe-7741-4322-ae7f-2de92c94d1b0,げた箱（金属・非金属）,不燃・粗大,中身は空にして出す,,○,
bfcc4cbe-7741-4322-ae7f-2de92c94d1b0,血圧計（水銀あり）,不燃・粗大,中が見える小袋等に入れ、他のものと分けて出す,,○,
bfcc4cbe-7741-4322-ae7f-2de92c94d1b0,血圧計（水銀なし）,不燃・粗大,電池は外す,小,○,
bfcc4cbe-7741-4322-ae7f-2de92c94d1b0,玄関マット（金属製）,不燃・粗大,金属製以外は可燃ごみへ,,,
bfcc4cbe-7741-4322-ae7f-2de92c94d1b0,剣山（けんざん）,不燃・粗大,紙等に包み、危険防止措置をして出す,,,
bfcc4cbe-7741-4322-ae7f-2de92c94d1b0,健康器具（ダンベル等）,不燃・粗大,,,,
bfcc4cbe-7741-4322-ae7f-2de92c94d1b0,建築廃材,収集不可,,,,
bfcc4cbe-7741-4322-ae7f-2de92c94d1b0,原動機付自転車,収集不可,二輪車リサイクルシステムへ,,,
bfcc4cbe-7741-4322-ae7f-2de92c94d1b0,鍵盤ハーモニカ,不燃・粗大,,,,
bfcc4cbe-7741-4322-ae7f-2de92c94d1b0,こいのぼり,可燃ごみ,,,○,
bfcc4cbe-7741-4322-ae7f-2de92c94d1b0,こいのぼり（風車のみ）,不燃・粗大,,,○,
bfcc4cbe-7741-4322-ae7f-2de92c94d1b0,こいのぼり（ポール）風車付含む,不燃・粗大,,,○,
bfcc4cbe-7741-4322-ae7f-2de92c94d1b0,高圧洗浄機,不燃・粗大,事業用は収集不可。電気式は小型家電でも可,小,,
bfcc4cbe-7741-4322-ae7f-2de92c94d1b0,耕うん機,収集不可,購入店または取扱店、製造メーカーに相談,,,
bfcc4cbe-7741-4322-ae7f-2de92c94d1b0,工具（金属・非金属）,不燃・粗大,,,○,
bfcc4cbe-7741-4322-ae7f-2de92c94d1b0,ゴーグル,可燃ごみ,,,,
bfcc4cbe-7741-4322-ae7f-2de92c94d1b0,コーナーボード（金属・非金属）,不燃・粗大,,,○,
bfcc4cbe-7741-4322-ae7f-2de92c94d1b0,コーヒーメーカー,不燃・粗大,,小,,
bfcc4cbe-7741-4322-ae7f-2de92c94d1b0,小型充電式電池（リサイクルマークがあるもの）,収集不可,家電販売店等の回収ボックス・回収缶へ,,,
bfcc4cbe-7741-4322-ae7f-2de92c94d1b0,ござ,可燃ごみ,指定袋に入れるか、1m以内にしてヒモでしばり、【不用】と表示して出す。1mを超える場合は不燃・粗大ごみへ,,,
bfcc4cbe-7741-4322-ae7f-2de92c94d1b0,こたつ（一式）,不燃・粗大,,小,○,
bfcc4cbe-7741-4322-ae7f-2de92c94d1b0,コピー機（家庭用）,不燃・粗大,オフィス用は収集不可。トナーは購入先または取扱店、製造メーカー等に返却,小,,
bfcc4cbe-7741-4322-ae7f-2de92c94d1b0,ゴム製品（タイヤを除く）,可燃ごみ,自転車のタイヤ、チューブは可,,,
bfcc4cbe-7741-4322-ae7f-2de92c94d1b0,米びつ（金属・非金属）,不燃・粗大,プラスチック製で１ｍ以内のものは可燃ごみへ,,○,
bfcc4cbe-7741-4322-ae7f-2de92c94d1b0,ゴルフクラブ,不燃・粗大,大人が１人で持てる程度に縛る,,○,
bfcc4cbe-7741-4322-ae7f-2de92c94d1b0,ゴルフバッグ,不燃・粗大,指定袋に入るもの、１m以内のものは【不用】と表示して可燃ごみへ,,○,
bfcc4cbe-7741-4322-ae7f-2de92c94d1b0,ゴルフボール,可燃ごみ,,,,
bfcc4cbe-7741-4322-ae7f-2de92c94d1b0,ごみ箱（金属製）,不燃・粗大,,,○,清水
bfcc4cbe-7741-4322-ae7f-2de92c94d1b0,コンテナ（金属・非金属）,不燃・粗大,木製・プラスチック製などの可燃性で、１m以内のものは可燃ごみへ,,○,
bfcc4cbe-7741-4322-ae7f-2de92c94d1b0,コンクリートブロック,収集不可,購入店または取扱店、製造メーカーに相談,,,
bfcc4cbe-7741-4322-ae7f-2de92c94d1b0,サーフボード,不燃・粗大,,,○,
bfcc4cbe-7741-4322-ae7f-2de92c94d1b0,座椅子,不燃・粗大,木製で指定袋に入るもの、１ｍ以内のものは可燃ごみへ,,,
bfcc4cbe-7741-4322-ae7f-2de92c94d1b0,サイドボード（金属・非金属）,不燃・粗大,,,○,
bfcc4cbe-7741-4322-ae7f-2de92c94d1b0,柵（屋内用の危険防止柵）（金属・非金属）,不燃・粗大,,,○,
bfcc4cbe-7741-4322-ae7f-2de92c94d1b0,雑誌,集団回収,古紙類は、自治会・町内会で実施している集団古紙回収や民間事業者等へ,,,
bfcc4cbe-7741-4322-ae7f-2de92c94d1b0,殺虫スプレー缶,資源回収,使い切り、穴を開けずに専用の回収ネットに出す　詳しくはこちら,,,清水
bfcc4cbe-7741-4322-ae7f-2de92c94d1b0,座布団,可燃ごみ,指定袋に入れるか、1m以内にしてヒモでしばり【不用】と表示して出す,,,
bfcc4cbe-7741-4322-ae7f-2de92c94d1b0,皿（ガラス製・陶器製）,不燃・粗大,,,,
bfcc4cbe-7741-4322-ae7f-2de92c94d1b0,皿（金属製）,不燃・粗大,,,,清水
bfcc4cbe-7741-4322-ae7f-2de92c94d1b0,皿（プラスチック製・紙製・木製）,可燃ごみ,,,,
bfcc4cbe-7741-4322-ae7f-2de92c94d1b0,三脚（カメラ用）,不燃・粗大,木製・プラスチック製などの可燃性で、１m以内のものは可燃ごみへ,,○,
bfcc4cbe-7741-4322-ae7f-2de92c94d1b0,サングラス（プラスチック製）,可燃ごみ,それ以外の素材は不燃・粗大ごみへ,,,
bfcc4cbe-7741-4322-ae7f-2de92c94d1b0,散水器,不燃・粗大,プラスチック製など可燃性のものは可燃ごみへ,,,
bfcc4cbe-7741-4322-ae7f-2de92c94d1b0,サンダル,可燃ごみ,,,,
bfcc4cbe-7741-4322-ae7f-2de92c94d1b0,三輪車（子ども用）,不燃・粗大,プラスチック製で指定袋に入るもの、１ｍ以内のものは可燃ごみへ,,○,
bfcc4cbe-7741-4322-ae7f-2de92c94d1b0,シーツ,可燃ごみ,自治会・町内会等で実施している集団回収で集めている場合はできるだけそちらへ,,,
bfcc4cbe-7741-4322-ae7f-2de92c94d1b0,漆器,可燃ごみ,,,,
bfcc4cbe-7741-4322-ae7f-2de92c94d1b0,ＣＤ,可燃ごみ,,,,
bfcc4cbe-7741-4322-ae7f-2de92c94d1b0,ＣＤプレイヤー,不燃・粗大,,小,,
bfcc4cbe-7741-4322-ae7f-2de92c94d1b0,シェーバー,不燃・粗大,,小,,
bfcc4cbe-7741-4322-ae7f-2de92c94d1b0,シェーバー洗浄機,不燃・粗大,洗浄液は抜いて出す,小,,
bfcc4cbe-7741-4322-ae7f-2de92c94d1b0,磁気カード,可燃ごみ,,,,
bfcc4cbe-7741-4322-ae7f-2de92c94d1b0,磁石（マグネット）,不燃・粗大,,,,
bfcc4cbe-7741-4322-ae7f-2de92c94d1b0,七輪,不燃・粗大,,,,
bfcc4cbe-7741-4322-ae7f-2de92c94d1b0,辞典,集団回収,布やビニール等で加工された表紙は可燃ごみで可,,,
bfcc4cbe-7741-4322-ae7f-2de92c94d1b0,自転車（二輪車・三輪車）,不燃・粗大,,,○,○
bfcc4cbe-7741-4322-ae7f-2de92c94d1b0,自転車（電動アシスト付）,不燃・粗大,バッテリーは取り外して、販売店等へ,,○,
bfcc4cbe-7741-4322-ae7f-2de92c94d1b0,足こぎ自転車（子どもの玩具）,不燃・粗大,,,○,
bfcc4cbe-7741-4322-ae7f-2de92c94d1b0,自転車空気入れ,不燃・粗大,,,,
bfcc4cbe-7741-4322-ae7f-2de92c94d1b0,自転車のかご（金属・非金属）,不燃・粗大,木製・プラスチック製などの可燃性で、１m以内のものは可燃ごみへ,,○,
bfcc4cbe-7741-4322-ae7f-2de92c94d1b0,自転車のサドル（金属・非金属）,不燃・粗大,木製・プラスチック製は可燃ごみへ,,○,
bfcc4cbe-7741-4322-ae7f-2de92c94d1b0,自転車のタイヤチューブ,可燃ごみ,自転車のタイヤ（ホイール付）は不燃・粗大ごみへ。自動車のタイヤは不可（購入店または取扱店へ）,,,
bfcc4cbe-7741-4322-ae7f-2de92c94d1b0,自転車の荷台（金属・非金属）,不燃・粗大,木製・プラスチック製などの可燃性で、１m以内のものは可燃ごみへ,,○,
bfcc4cbe-7741-4322-ae7f-2de92c94d1b0,芝刈機（燃料式）,不燃・粗大,農業用・事業用は収集不可,,,
bfcc4cbe-7741-4322-ae7f-2de92c94d1b0,芝刈機（電気式）,不燃・粗大,農業用・事業用は収集不可　電気式は小型家電も可,小,,
bfcc4cbe-7741-4322-ae7f-2de92c94d1b0,シルバーカー（荷物用手押し車）,不燃・粗大,,,○,
bfcc4cbe-7741-4322-ae7f-2de92c94d1b0,ジャムのびん,資源回収,,,,
bfcc4cbe-7741-4322-ae7f-2de92c94d1b0,収納ケース、収納箱（金属・非金属）,不燃・粗大,木製・プラスチック製などの可燃性で、１m以内のものは可燃ごみへ,,○,
bfcc4cbe-7741-4322-ae7f-2de92c94d1b0,シュレッダー,不燃・粗大,事業用は不可。電気式は小型家電でも可,小,,
bfcc4cbe-7741-4322-ae7f-2de92c94d1b0,ジューサー,不燃・粗大,,小,○,
bfcc4cbe-7741-4322-ae7f-2de92c94d1b0,消火器,収集不可,消火器リサイクル推進センター（03-5829-6773）へ相談,,,
bfcc4cbe-7741-4322-ae7f-2de92c94d1b0,将棋盤・碁盤（木製）,可燃ごみ,厚さ20cmを超えるものは不燃・粗大ごみへ,,,
bfcc4cbe-7741-4322-ae7f-2de92c94d1b0,障子,不燃・粗大,解体して１ｍ以内であれば可燃ごみでも可,,,
bfcc4cbe-7741-4322-ae7f-2de92c94d1b0,浄水器（電気式）,不燃・粗大,内部の水を極力抜く,小,○,
bfcc4cbe-7741-4322-ae7f-2de92c94d1b0,浄水器のカートリッジ,可燃ごみ,金属製のものは不燃・粗大ごみへ,,,
bfcc4cbe-7741-4322-ae7f-2de92c94d1b0,照明器具（庭園灯、シーリングライト、ペンダントライト、卓上スタンド、アームスタンド等）,不燃・粗大,,小,○,○
bfcc4cbe-7741-4322-ae7f-2de92c94d1b0,除湿機,不燃・粗大,コンプレッサー有（冷媒入）は不可。ただし、小型家電として出す場合はコンプレッサー有（冷媒入）でも可,小,○,
bfcc4cbe-7741-4322-ae7f-2de92c94d1b0,除湿剤,可燃ごみ,水を抜いてから出す,,,
bfcc4cbe-7741-4322-ae7f-2de92c94d1b0,食用油,可燃ごみ,固めるか、紙や布にしみこませて出す,,,
bfcc4cbe-7741-4322-ae7f-2de92c94d1b0,食器（ガラス製・陶器製・金属製）,不燃・粗大,,,,
bfcc4cbe-7741-4322-ae7f-2de92c94d1b0,食器乾燥機,不燃・粗大,,小,○,
bfcc4cbe-7741-4322-ae7f-2de92c94d1b0,食器洗浄機,不燃・粗大,,小,○,
bfcc4cbe-7741-4322-ae7f-2de92c94d1b0,食器棚,不燃・粗大,木製・プラスチック製などの可燃性のものは、解体して１ｍ以内であれば可燃ごみでも可,,,
bfcc4cbe-7741-4322-ae7f-2de92c94d1b0,シリコンスチーマー,可燃ごみ,,,,
bfcc4cbe-7741-4322-ae7f-2de92c94d1b0,新聞紙,集団回収,古紙類は、自治会・町内会等で実施している集団古紙回収や民間事業者等へ,,,
bfcc4cbe-7741-4322-ae7f-2de92c94d1b0,水槽（ガラス製）,不燃・粗大,,,,
bfcc4cbe-7741-4322-ae7f-2de92c94d1b0,水槽（プラスチック製）,可燃ごみ,長さ１ｍ以上のものは不燃・粗大ごみへ,,,
bfcc4cbe-7741-4322-ae7f-2de92c94d1b0,水筒（プラスチック製）,可燃ごみ,,,,
bfcc4cbe-7741-4322-ae7f-2de92c94d1b0,水筒（金属製）,不燃・粗大,,,,清水
bfcc4cbe-7741-4322-ae7f-2de92c94d1b0,炊飯器,不燃・粗大,,小,○,
bfcc4cbe-7741-4322-ae7f-2de92c94d1b0,スーツケース（プラスチック製）,可燃ごみ,指定袋に入らないものは【不用】と表示して出す。１ｍを超える大型のものは不燃・粗大ごみへ,,,
bfcc4cbe-7741-4322-ae7f-2de92c94d1b0,スキー板・ストック,不燃・粗大,,,○,
bfcc4cbe-7741-4322-ae7f-2de92c94d1b0,スキー靴,可燃ごみ,,,,
bfcc4cbe-7741-4322-ae7f-2de92c94d1b0,隙間家具・引出家具（金属・非金属）,不燃・粗大,可燃性のもので１ｍ以内のものは可燃ごみへ,,○,
bfcc4cbe-7741-4322-ae7f-2de92c94d1b0,スキャナ,不燃・粗大,事業所用は収集不可,小,,
bfcc4cbe-7741-4322-ae7f-2de92c94d1b0,スクリーン・映写幕・銀幕,不燃・粗大,,,○,
bfcc4cbe-7741-4322-ae7f-2de92c94d1b0,スケートボード,不燃・粗大,転がらないように注意して出す,,○,
bfcc4cbe-7741-4322-ae7f-2de92c94d1b0,すだれ（金属製）,不燃・粗大,,,,
bfcc4cbe-7741-4322-ae7f-2de92c94d1b0,すだれ（非金属）,可燃ごみ,指定袋に入れるか、1m以内にして【不用】と表示して束ねて出す,,,
bfcc4cbe-7741-4322-ae7f-2de92c94d1b0,スタンプ台（金属製）,不燃・粗大,,,,
bfcc4cbe-7741-4322-ae7f-2de92c94d1b0,ステッパー（健康器具）,不燃・粗大,,,○,
bfcc4cbe-7741-4322-ae7f-2de92c94d1b0,ステレオセット,不燃・粗大,,小,○,
bfcc4cbe-7741-4322-ae7f-2de92c94d1b0,ストーブ（石油）,不燃・粗大,燃料は抜く。電池は外す。電池を使用しないものは小型家電不可,小,,○
bfcc4cbe-7741-4322-ae7f-2de92c94d1b0,ストーブ（電気）,不燃・粗大,,小,,
bfcc4cbe-7741-4322-ae7f-2de92c94d1b0,砂,収集不可,購入店または取扱店に相談,,,
bfcc4cbe-7741-4322-ae7f-2de92c94d1b0,スノーボード,不燃・粗大,,,○,
bfcc4cbe-7741-4322-ae7f-2de92c94d1b0,すのこ,可燃ごみ,指定袋に入れるか、1m以内にして【不用】と表示して束ねて出す。1mを超える場合は不燃・粗大ごみへ,,,
bfcc4cbe-7741-4322-ae7f-2de92c94d1b0,スピーカー,不燃・粗大,,小,○,
bfcc4cbe-7741-4322-ae7f-2de92c94d1b0,スピーカーボックス,不燃・粗大,電気配線があるものは小型家電でも可,小,,
bfcc4cbe-7741-4322-ae7f-2de92c94d1b0,スプレー缶,資源回収,使い切り、穴を開けずに専用の回収ネットに出す　詳しくはこちら,,,清水
bfcc4cbe-7741-4322-ae7f-2de92c94d1b0,スプーン（金属製）,不燃・粗大,,,,清水
bfcc4cbe-7741-4322-ae7f-2de92c94d1b0,スプーン（陶器製）,不燃・粗大,,,,
bfcc4cbe-7741-4322-ae7f-2de92c94d1b0,スプーン（プラスチック製・木製）,可燃ごみ,,,,
bfcc4cbe-7741-4322-ae7f-2de92c94d1b0,ズボンプレッサー,不燃・粗大,,小,○,
bfcc4cbe-7741-4322-ae7f-2de92c94d1b0,スマートフォン,不燃・粗大,ショップ等で回収している場合はできるだけそちらへ,小,,
bfcc4cbe-7741-4322-ae7f-2de92c94d1b0,炭,可燃ごみ,,,,
bfcc4cbe-7741-4322-ae7f-2de92c94d1b0,スリッパ,可燃ごみ,,,,
bfcc4cbe-7741-4322-ae7f-2de92c94d1b0,石油ストーブ,不燃・粗大,燃料は抜く。電池は外す。電池を使用しないものは小型家電不可,小,○,
bfcc4cbe-7741-4322-ae7f-2de92c94d1b0,石油ファンヒーター,不燃・粗大,燃料は抜く。電池は外す,小,○,
bfcc4cbe-7741-4322-ae7f-2de92c94d1b0,せっけん,可燃ごみ,,,,
bfcc4cbe-7741-4322-ae7f-2de92c94d1b0,石膏ボード,不燃・粗大,購入店または取扱店に相談,,,
bfcc4cbe-7741-4322-ae7f-2de92c94d1b0,せともの,不燃・粗大,,,,
bfcc4cbe-7741-4322-ae7f-2de92c94d1b0,洗剤の容器,可燃ごみ,,,,
bfcc4cbe-7741-4322-ae7f-2de92c94d1b0,扇子,可燃ごみ,,,,
bfcc4cbe-7741-4322-ae7f-2de92c94d1b0,洗濯機,収集不可,家電リサイクル法対象品,,,
bfcc4cbe-7741-4322-ae7f-2de92c94d1b0,洗濯ばさみ（金属製）,不燃・粗大,,,,清水
bfcc4cbe-7741-4322-ae7f-2de92c94d1b0,洗濯ばさみ（非金属）,可燃ごみ,,,,
bfcc4cbe-7741-4322-ae7f-2de92c94d1b0,剪定枝・剪定くず,可燃ごみ,指定袋に入れるか、1m以内にして束ねて出す。一度に１０袋又は１０束まで,,,
bfcc4cbe-7741-4322-ae7f-2de92c94d1b0,剪定ばさみ,不燃・粗大,先端を紙等に包み、危険防止をして出す,,○,
bfcc4cbe-7741-4322-ae7f-2de92c94d1b0,扇風機,不燃・粗大,,小,○,
bfcc4cbe-7741-4322-ae7f-2de92c94d1b0,洗面器（金属製）,不燃・粗大,,,,清水
bfcc4cbe-7741-4322-ae7f-2de92c94d1b0,洗面器（プラスチック製）,可燃ごみ,,,,
bfcc4cbe-7741-4322-ae7f-2de92c94d1b0,造花（プラスチック、紙、布）,可燃ごみ,,,,
bfcc4cbe-7741-4322-ae7f-2de92c94d1b0,掃除機,不燃・粗大,,小,○,
bfcc4cbe-7741-4322-ae7f-2de92c94d1b0,掃除機のパック,可燃ごみ,,,,
bfcc4cbe-7741-4322-ae7f-2de92c94d1b0,ソファー,不燃・粗大,スプリングがなく、１ｍ以内のものは指定袋に入れるか、【不用】と表示して可燃ごみへ,,○,
bfcc4cbe-7741-4322-ae7f-2de92c94d1b0,そり（金属・非金属）,不燃・粗大,木製・プラスチック製などの可燃性で、１m以内のものは可燃ごみへ,,○,
bfcc4cbe-7741-4322-ae7f-2de92c94d1b0,そろばん（木製、プラスチック製）,可燃ごみ,,,,
bfcc4cbe-7741-4322-ae7f-2de92c94d1b0,体温計（水銀あり）,不燃・粗大,中が見える小袋等に入れ、他のものと分けて出す,,,
bfcc4cbe-7741-4322-ae7f-2de92c94d1b0,体温計（水銀なし）,不燃・粗大,電池入りは外す。電気式は小型家電でも可,小,○,
bfcc4cbe-7741-4322-ae7f-2de92c94d1b0,体重計,不燃・粗大,電池入りは外す。電気式は小型家電でも可,小,○,
bfcc4cbe-7741-4322-ae7f-2de92c94d1b0,耐熱ガラス,不燃・粗大,,,,
bfcc4cbe-7741-4322-ae7f-2de92c94d1b0,台（縁台、調理台、テレビ台、踏み台、ミシン台、など）　（金属・非金属）,不燃・粗大,木製・プラスチック製などの可燃性のものは、解体して１ｍ以内であれば可燃ごみでも可,,○,
bfcc4cbe-7741-4322-ae7f-2de92c94d1b0,台車,不燃・粗大,,,○,
bfcc4cbe-7741-4322-ae7f-2de92c94d1b0,タイヤ（車・バイク）,収集不可,購入店または取扱店、製造メーカーに相談,,,
bfcc4cbe-7741-4322-ae7f-2de92c94d1b0,タイヤ（自転車）,可燃ごみ,,,,
bfcc4cbe-7741-4322-ae7f-2de92c94d1b0,タイヤチェーン（金属製）,不燃・粗大,,,,
bfcc4cbe-7741-4322-ae7f-2de92c94d1b0,タイヤチェーン（ゴム製）,可燃ごみ,,,,
bfcc4cbe-7741-4322-ae7f-2de92c94d1b0,タイヤチューブ,可燃ごみ,,,,
bfcc4cbe-7741-4322-ae7f-2de92c94d1b0,タイヤホイール,不燃・粗大,タイヤ付は収集不可,,,
bfcc4cbe-7741-4322-ae7f-2de92c94d1b0,タイル,収集不可,購入店または取扱店、製造メーカーに相談,,,
bfcc4cbe-7741-4322-ae7f-2de92c94d1b0,タオル,可燃ごみ,自治会・町内会等で実施している集団回収で集めている場合はできるだけそちらへ,,,
bfcc4cbe-7741-4322-ae7f-2de92c94d1b0,高枝切りばさみ,不燃・粗大,刃の部分を紙等に包み、危険防止措置をして出す,,○,
bfcc4cbe-7741-4322-ae7f-2de92c94d1b0,卓（カウンター、座卓、食卓、テーブルなど）　（金属・非金属）,不燃・粗大,,,○,
bfcc4cbe-7741-4322-ae7f-2de92c94d1b0,竹串,可燃ごみ,先端を紙等で包み、危険防止措置をして出す,,,
bfcc4cbe-7741-4322-ae7f-2de92c94d1b0,竹馬（金属・非金属）,不燃・粗大,木製・プラスチック製などの可燃性で、１m以内のものは可燃ごみへ,,○,
bfcc4cbe-7741-4322-ae7f-2de92c94d1b0,たたみ,可燃ごみ,個人で取り外したものに限る。1辺を1m以内に切断し、1度に2畳分まで,,,
bfcc4cbe-7741-4322-ae7f-2de92c94d1b0,卓球台,不燃・粗大,,,○,
bfcc4cbe-7741-4322-ae7f-2de92c94d1b0,脱臭剤,可燃ごみ,,,,
bfcc4cbe-7741-4322-ae7f-2de92c94d1b0,棚（金属）,不燃・粗大,,,○,
bfcc4cbe-7741-4322-ae7f-2de92c94d1b0,棚（非金属）,不燃・粗大,解体して１ｍ以内であれば可燃ごみでも可,,○,
bfcc4cbe-7741-4322-ae7f-2de92c94d1b0,タブレット,不燃・粗大,販売店等で回収している場合はできるだけそちらへ,小,,
bfcc4cbe-7741-4322-ae7f-2de92c94d1b0,卵のパック（プラスチック製）,可燃ごみ,,,,
bfcc4cbe-7741-4322-ae7f-2de92c94d1b0,卵のパック（紙製）,集団回収,古紙類は、自治会・町内会等で実施している集団古紙回収や民間事業者等へ,,,
bfcc4cbe-7741-4322-ae7f-2de92c94d1b0,たらい（金属製）,不燃・粗大,プラスチック製などの可燃性で、１m以内のものは可燃ごみへ,,○,
bfcc4cbe-7741-4322-ae7f-2de92c94d1b0,たわし（金属製）,不燃・粗大,金属製以外は可燃ごみへ,,,清水
bfcc4cbe-7741-4322-ae7f-2de92c94d1b0,ダンベル・鉄アレイ,不燃・粗大,,,○,
bfcc4cbe-7741-4322-ae7f-2de92c94d1b0,炭酸水カートリッジ,不燃・粗大,なるべくメーカー、販売店へ返却,,,
bfcc4cbe-7741-4322-ae7f-2de92c94d1b0,タンス・チェスト（金属・非金属）,不燃・粗大,可燃性のもので解体して１ｍ以内であれば可燃ごみでも可,,○,
bfcc4cbe-7741-4322-ae7f-2de92c94d1b0,段ボール,集団回収,"古紙類は、自治会・町内会等で実施している集団古紙回収や民間事業者等へ
内部がアルミ製のものは可燃ごみへ",,,
bfcc4cbe-7741-4322-ae7f-2de92c94d1b0,地球儀,不燃・粗大,可燃性のものは可燃ごみへ,,○,
bfcc4cbe-7741-4322-ae7f-2de92c94d1b0,チャイルドシート（車用品）,不燃・粗大,プラスチック製などの可燃性で、１m以内のものは可燃ごみへ,,○,
bfcc4cbe-7741-4322-ae7f-2de92c94d1b0,茶がら,可燃ごみ,水分をよく切って出す,,,
bfcc4cbe-7741-4322-ae7f-2de92c94d1b0,茶筒（金属製）,不燃・粗大,,,,清水
bfcc4cbe-7741-4322-ae7f-2de92c94d1b0,茶筒（非金属）,可燃ごみ,,,,
bfcc4cbe-7741-4322-ae7f-2de92c94d1b0,注射器（針付）,収集不可,かかりつけの医療機関へ,,,
bfcc4cbe-7741-4322-ae7f-2de92c94d1b0,注射筒（針以外の部分）,可燃ごみ,衛生上の観点から、新聞紙等に包んで可燃ごみへ,,,
bfcc4cbe-7741-4322-ae7f-2de92c94d1b0,調味料の容器（プラスチック製）,可燃ごみ,,,,
bfcc4cbe-7741-4322-ae7f-2de92c94d1b0,調理器具（金属製）,不燃・粗大,プラスチック製、シリコン製は可燃ごみへ,,,清水
bfcc4cbe-7741-4322-ae7f-2de92c94d1b0,チラシ,集団回収,古紙類は、自治会・町内会等で実施している集団古紙回収や民間事業者等へ,,,
bfcc4cbe-7741-4322-ae7f-2de92c94d1b0,使い捨てカイロ,可燃ごみ,,,,
bfcc4cbe-7741-4322-ae7f-2de92c94d1b0,使い捨てライター,不燃・粗大,使いきって、中が見える小袋等に入れ、他のものと分けて出す,,,
bfcc4cbe-7741-4322-ae7f-2de92c94d1b0,机（金属製・非金属）,不燃・粗大,木製などの可燃性のものは、解体して１ｍ以内であれば可燃ごみでも可,,○,
bfcc4cbe-7741-4322-ae7f-2de92c94d1b0,漬物の重し,不燃・粗大,石は不可（購入店または取扱店に相談）,,,
bfcc4cbe-7741-4322-ae7f-2de92c94d1b0,土（園芸用・培養土を含む）,収集不可,購入店または取扱店、製造メーカーに相談,,,
bfcc4cbe-7741-4322-ae7f-2de92c94d1b0,突っ張り棚,不燃・粗大,可燃性で１ｍ以内のものは可燃ごみへ,,○,
bfcc4cbe-7741-4322-ae7f-2de92c94d1b0,突っ張り棒,不燃・粗大,可燃性で１ｍ以内のものは可燃ごみへ,,○,
bfcc4cbe-7741-4322-ae7f-2de92c94d1b0,釣り具（竿、おもり、リール）,不燃・粗大,可燃性の釣り竿で１ｍ以内のものは可燃ごみへ,,○,
bfcc4cbe-7741-4322-ae7f-2de92c94d1b0,つみき,可燃ごみ,,,,
bfcc4cbe-7741-4322-ae7f-2de92c94d1b0,つめ切り,不燃・粗大,,,,
bfcc4cbe-7741-4322-ae7f-2de92c94d1b0,ＤＶＤ,可燃ごみ,,,,
bfcc4cbe-7741-4322-ae7f-2de92c94d1b0,ＤＶＤプレーヤー,不燃・粗大,,小,,
bfcc4cbe-7741-4322-ae7f-2de92c94d1b0,ティッシュペーパーの箱,集団回収,ビニール部分は可燃ごみへ,,,
bfcc4cbe-7741-4322-ae7f-2de92c94d1b0,手提げ金庫,不燃・粗大,,,,
bfcc4cbe-7741-4322-ae7f-2de92c94d1b0,鉄板,不燃・粗大,,,,
bfcc4cbe-7741-4322-ae7f-2de92c94d1b0,鉄アレイ・ダンベル,不燃・粗大,,,○,
bfcc4cbe-7741-4322-ae7f-2de92c94d1b0,手押し車・シルバーカー（荷物用）,不燃・粗大,,,○,
bfcc4cbe-7741-4322-ae7f-2de92c94d1b0,テニスラケット,可燃ごみ,,,,
bfcc4cbe-7741-4322-ae7f-2de92c94d1b0,テレビ（液晶・プラズマ・ブラウン管）,収集不可,家電リサイクル法対象品,,,
bfcc4cbe-7741-4322-ae7f-2de92c94d1b0,テレビ台（金属・非金属）,不燃・粗大,木製などの可燃性のものは、解体して１ｍ以内であれば可燃ごみでも可,,,
bfcc4cbe-7741-4322-ae7f-2de92c94d1b0,テレホンカード,可燃ごみ,,,,
bfcc4cbe-7741-4322-ae7f-2de92c94d1b0,電気スタンド,不燃・粗大,,小,,
bfcc4cbe-7741-4322-ae7f-2de92c94d1b0,電気ストーブ,不燃・粗大,,小,○,
bfcc4cbe-7741-4322-ae7f-2de92c94d1b0,電気コード,不燃・粗大,,小,,
bfcc4cbe-7741-4322-ae7f-2de92c94d1b0,電気毛布,不燃・粗大,,小,○,
bfcc4cbe-7741-4322-ae7f-2de92c94d1b0,電気カーペット,不燃・粗大,折りたたんで縛って出す,小,○,
bfcc4cbe-7741-4322-ae7f-2de92c94d1b0,電気ポット,不燃・粗大,電池は外して出す,小,○,
bfcc4cbe-7741-4322-ae7f-2de92c94d1b0,電気ファンヒーター,不燃・粗大,,小,○,
bfcc4cbe-7741-4322-ae7f-2de92c94d1b0,電球,不燃・粗大,,,,
bfcc4cbe-7741-4322-ae7f-2de92c94d1b0,電子レンジ,不燃・粗大,,小,○,○
bfcc4cbe-7741-4322-ae7f-2de92c94d1b0,電子辞書,不燃・粗大,,小,,
bfcc4cbe-7741-4322-ae7f-2de92c94d1b0,電磁調理器（IH),不燃・粗大,,小,○,
bfcc4cbe-7741-4322-ae7f-2de92c94d1b0,電卓,不燃・粗大,,小,,
bfcc4cbe-7741-4322-ae7f-2de92c94d1b0,電動車イス,不燃・粗大,バッテリーは収集不可,小,,
bfcc4cbe-7741-4322-ae7f-2de92c94d1b0,電動工具,不燃・粗大,,小,,
bfcc4cbe-7741-4322-ae7f-2de92c94d1b0,電動自転車,不燃・粗大,バッテリーは取り外して、販売店等へ,,,
bfcc4cbe-7741-4322-ae7f-2de92c94d1b0,電動歯ブラシ,不燃・粗大,電池は外す,小,,
bfcc4cbe-7741-4322-ae7f-2de92c94d1b0,電動ベッド,不燃・粗大,"セミダブル（幅１４０ｃｍ未満）までは不燃・粗大ごみとして申し込み可。
ダブルサイズは清掃工場（沼上または西ケ谷）に持込みの場合のみ受け入れ可能。それ以上は販売店または製造メーカーに相談",小,,
bfcc4cbe-7741-4322-ae7f-2de92c94d1b0,電話機（携帯電話・PHSを含む）,不燃・粗大,電池は外す　携帯電話・PHSはできるだけ販売店へ,小,,
bfcc4cbe-7741-4322-ae7f-2de92c94d1b0,天体望遠鏡,不燃・粗大,,,○,
bfcc4cbe-7741-4322-ae7f-2de92c94d1b0,テント（キャンプ用含む）,不燃・粗大,,,○,
bfcc4cbe-7741-4322-ae7f-2de92c94d1b0,ドア（金属製）,不燃・粗大,,,,
bfcc4cbe-7741-4322-ae7f-2de92c94d1b0,ドア（非金属）,不燃・粗大,解体して１ｍ以内であれば可燃ごみでも可,,,
bfcc4cbe-7741-4322-ae7f-2de92c94d1b0,トイレブラシ（プラスチック製）,可燃ごみ,,,,
bfcc4cbe-7741-4322-ae7f-2de92c94d1b0,陶器製品,不燃・粗大,,,,
bfcc4cbe-7741-4322-ae7f-2de92c94d1b0,灯油,収集不可,購入店または取扱店に相談,,,
bfcc4cbe-7741-4322-ae7f-2de92c94d1b0,灯油ポンプ（手動式）,可燃ごみ,,,,
bfcc4cbe-7741-4322-ae7f-2de92c94d1b0,灯油ポンプ（電動式）,不燃・粗大,,小,,
bfcc4cbe-7741-4322-ae7f-2de92c94d1b0,籐製品,可燃ごみ,１ｍを超えるものは不燃・粗大ごみへ,,,
bfcc4cbe-7741-4322-ae7f-2de92c94d1b0,時計,不燃・粗大,電池式は小型家電でも可,小,,
bfcc4cbe-7741-4322-ae7f-2de92c94d1b0,トースター,不燃・粗大,,小,,
bfcc4cbe-7741-4322-ae7f-2de92c94d1b0,トタン（金属製・スチール製）,不燃・粗大,個人で取り外したものに限る,,,○　【安倍】１ｍ以内に束ねる
bfcc4cbe-7741-4322-ae7f-2de92c94d1b0,トタン（プラスチック製）,可燃ごみ,指定袋に入れるか、1m以内にして束ね、【不用】と表示して出す。1m超になるものは不燃・粗大ごみへ,,,
bfcc4cbe-7741-4322-ae7f-2de92c94d1b0,土鍋,不燃・粗大,,,,
bfcc4cbe-7741-4322-ae7f-2de92c94d1b0,ドライヤー,不燃・粗大,,小,,
bfcc4cbe-7741-4322-ae7f-2de92c94d1b0,トランポリン,不燃・粗大,,,○,
bfcc4cbe-7741-4322-ae7f-2de92c94d1b0,ドレッサー・鏡台,不燃・粗大,,,○,
bfcc4cbe-7741-4322-ae7f-2de92c94d1b0,塗料（ペンキ）,収集不可,購入店または取扱店に相談。布にしみ込ませれば可燃ごみでも可。空き缶は資源ごみへ,,,
bfcc4cbe-7741-4322-ae7f-2de92c94d1b0,トレイ（プラスチック製）,可燃ごみ,金属製は不燃・粗大ごみへ,,,
bfcc4cbe-7741-4322-ae7f-2de92c94d1b0,長靴,可燃ごみ,,,,
bfcc4cbe-7741-4322-ae7f-2de92c94d1b0,流し台（ステンレス・木製）,不燃・粗大,個人で取り外したものに限る,,,
bfcc4cbe-7741-4322-ae7f-2de92c94d1b0,流し台（システムキッチン）,収集不可,購入店または取扱店に相談,,,
bfcc4cbe-7741-4322-ae7f-2de92c94d1b0,なべ（金属製）,不燃・粗大,,,,清水
bfcc4cbe-7741-4322-ae7f-2de92c94d1b0,生ごみ処理機（電気式以外）,不燃・粗大,中身を空にして出す,,○,
bfcc4cbe-7741-4322-ae7f-2de92c94d1b0,生ごみ処理機（電気式）,不燃・粗大,中身を空にして出す,小,,
bfcc4cbe-7741-4322-ae7f-2de92c94d1b0,入浴剤の容器（金属製）,不燃・粗大,,,,清水
bfcc4cbe-7741-4322-ae7f-2de92c94d1b0,人形ケース・ひな壇,不燃・粗大,,,○,
bfcc4cbe-7741-4322-ae7f-2de92c94d1b0,人形（ケース入り、五月人形、雛人形など）,不燃・粗大,人形単体は、可燃性のものは可燃ごみでも可,,○,
bfcc4cbe-7741-4322-ae7f-2de92c94d1b0,ぬいぐるみ,可燃ごみ,指定袋に入れるか、【不用】と表示して出す,,,
bfcc4cbe-7741-4322-ae7f-2de92c94d1b0,縫い針,不燃・粗大,ふた付きの缶に入れる・紙に包む等、危険防止措置をして出す,,,
bfcc4cbe-7741-4322-ae7f-2de92c94d1b0,布くず,可燃ごみ,,,,
bfcc4cbe-7741-4322-ae7f-2de92c94d1b0,ネコ砂,可燃ごみ,,,,
bfcc4cbe-7741-4322-ae7f-2de92c94d1b0,ネジ,不燃・粗大,ふた付きの缶に入れる・紙に包む等、危険防止措置をして出す,,,
bfcc4cbe-7741-4322-ae7f-2de92c94d1b0,粘着カーペットクリーナー（シート紙）,可燃ごみ,,,,
bfcc4cbe-7741-4322-ae7f-2de92c94d1b0,粘土,可燃ごみ,,,,
bfcc4cbe-7741-4322-ae7f-2de92c94d1b0,農工具（鋤・鎌・シャベル等）,不燃・粗大,事業用は収集不可,,,
bfcc4cbe-7741-4322-ae7f-2de92c94d1b0,のこぎり,不燃・粗大,刃を紙等に包み、危険防止措置をして出す,,○,
bfcc4cbe-7741-4322-ae7f-2de92c94d1b0,農薬,収集不可,購入店または取扱店、製造メーカーに相談,,,
bfcc4cbe-7741-4322-ae7f-2de92c94d1b0,ノート型パソコン,収集不可,パソコンリサイクル対象品　ただし、小型家電でも可,小,,
bfcc4cbe-7741-4322-ae7f-2de92c94d1b0,ハーモニカ,不燃・粗大,,,,
bfcc4cbe-7741-4322-ae7f-2de92c94d1b0,バーベル（健康器具）,不燃・粗大,,,○,
bfcc4cbe-7741-4322-ae7f-2de92c94d1b0,バーベルの支え（健康器具）,不燃・粗大,,,○,
bfcc4cbe-7741-4322-ae7f-2de92c94d1b0,灰,可燃ごみ,水に濡らしてから出す,,,
bfcc4cbe-7741-4322-ae7f-2de92c94d1b0,灰皿（金属製）,不燃・粗大,,,,清水
bfcc4cbe-7741-4322-ae7f-2de92c94d1b0,バイク（原付バイクを含む）,収集不可,二輪車リサイクルシステムへ,,,
bfcc4cbe-7741-4322-ae7f-2de92c94d1b0,廃材（増改築等で出た物）,収集不可,処分業者等へ依頼,,,
bfcc4cbe-7741-4322-ae7f-2de92c94d1b0,廃油（灯油・ガソリン・オイル類）,収集不可,購入店または取扱店、製造メーカーに相談,,,
bfcc4cbe-7741-4322-ae7f-2de92c94d1b0,バインダー（文具）,可燃ごみ,金属部分は不燃・粗大ごみへ,,,
bfcc4cbe-7741-4322-ae7f-2de92c94d1b0,パイプハンガー（金属・非金属）,不燃・粗大,,,○,
bfcc4cbe-7741-4322-ae7f-2de92c94d1b0,はがき,集団回収,古紙類は、自治会・町内会等で実施している集団古紙回収や民間事業者等へ,,,
bfcc4cbe-7741-4322-ae7f-2de92c94d1b0,はかり（家庭用）,不燃・粗大,電池は外す。電気式は小型家電でも可,小,○,
bfcc4cbe-7741-4322-ae7f-2de92c94d1b0,はく製,可燃ごみ,１ｍを超えるものは不燃・粗大ごみへ,,,
bfcc4cbe-7741-4322-ae7f-2de92c94d1b0,ハケ,可燃ごみ,,,,
bfcc4cbe-7741-4322-ae7f-2de92c94d1b0,バケツ（金属製）,不燃・粗大,,,○,清水
bfcc4cbe-7741-4322-ae7f-2de92c94d1b0,バケツ（非金属）,可燃ごみ,,,,
bfcc4cbe-7741-4322-ae7f-2de92c94d1b0,ハサミ,不燃・粗大,刃は紙等に包み、危険防止措置をして出す,,,
bfcc4cbe-7741-4322-ae7f-2de92c94d1b0,はしご,不燃・粗大,,,,
bfcc4cbe-7741-4322-ae7f-2de92c94d1b0,バスタブ,不燃・粗大,個人で取り外したものに限る,,,
bfcc4cbe-7741-4322-ae7f-2de92c94d1b0,パソコン,収集不可,パソコンリサイクル対象品　ただし、小型家電として持ち込み可能,小,,
bfcc4cbe-7741-4322-ae7f-2de92c94d1b0,パソコン周辺機器（キーボード）,不燃・粗大,,小,,
bfcc4cbe-7741-4322-ae7f-2de92c94d1b0,パソコン周辺機器（外付けハードディスク）,不燃・粗大,,小,,
bfcc4cbe-7741-4322-ae7f-2de92c94d1b0,パソコン周辺機器（ディスプレイ）,収集不可,パソコンリサイクル対象品　ただし、小型家電として持ち込み可能,小,,
bfcc4cbe-7741-4322-ae7f-2de92c94d1b0,パソコン周辺機器（ハブ）,不燃・粗大,,小,,
bfcc4cbe-7741-4322-ae7f-2de92c94d1b0,パソコン周辺機器（無線ＬＡＮ）,不燃・粗大,,小,,
bfcc4cbe-7741-4322-ae7f-2de92c94d1b0,パソコン周辺機器（ルーター）,不燃・粗大,,小,,
bfcc4cbe-7741-4322-ae7f-2de92c94d1b0,鉢,不燃・粗大,可燃性のものは、可燃ごみでも可,,○,
bfcc4cbe-7741-4322-ae7f-2de92c94d1b0,発煙筒,収集不可,購入店または取扱店、製造メーカーに相談,,,
bfcc4cbe-7741-4322-ae7f-2de92c94d1b0,バッテリー,収集不可,購入店または取扱店、製造メーカーに相談,,,
bfcc4cbe-7741-4322-ae7f-2de92c94d1b0,バット（金属製）,不燃・粗大,,,○,
bfcc4cbe-7741-4322-ae7f-2de92c94d1b0,バット（木製、プラスチック製）,可燃ごみ,,,○,
bfcc4cbe-7741-4322-ae7f-2de92c94d1b0,発泡スチロール,可燃ごみ,事業用は収集不可,,,
bfcc4cbe-7741-4322-ae7f-2de92c94d1b0,花火,可燃ごみ,水で湿らせて出す,,,
bfcc4cbe-7741-4322-ae7f-2de92c94d1b0,パネルヒーター,不燃・粗大,,小,○,
bfcc4cbe-7741-4322-ae7f-2de92c94d1b0,パラソル,不燃・粗大,,,○,
bfcc4cbe-7741-4322-ae7f-2de92c94d1b0,歯ブラシ,可燃ごみ,,,,
bfcc4cbe-7741-4322-ae7f-2de92c94d1b0,歯ブラシ（電動式）,不燃・粗大,電池は外す,小,,
bfcc4cbe-7741-4322-ae7f-2de92c94d1b0,ハロゲンヒーター,不燃・粗大,,小,○,
bfcc4cbe-7741-4322-ae7f-2de92c94d1b0,ハンガー（金属製）,不燃・粗大,,,○,清水
bfcc4cbe-7741-4322-ae7f-2de92c94d1b0,ハンガー（プラスチック製・木製）,可燃ごみ,,,○,
bfcc4cbe-7741-4322-ae7f-2de92c94d1b0,ピアノ,収集不可,購入店または取扱店、製造メーカーに相談,,,
bfcc4cbe-7741-4322-ae7f-2de92c94d1b0,ビー玉,不燃・粗大,袋等に入れて出す,,,
bfcc4cbe-7741-4322-ae7f-2de92c94d1b0,ひげそり,不燃・粗大,刃は紙等に包み、危険防止措置をして出す,,,
bfcc4cbe-7741-4322-ae7f-2de92c94d1b0,ビデオカメラ,不燃・粗大,,小,,
bfcc4cbe-7741-4322-ae7f-2de92c94d1b0,ビデオテープ,可燃ごみ,,,,
bfcc4cbe-7741-4322-ae7f-2de92c94d1b0,ビデオデッキ,不燃・粗大,,小,,
bfcc4cbe-7741-4322-ae7f-2de92c94d1b0,ビニール袋,可燃ごみ,,,,
bfcc4cbe-7741-4322-ae7f-2de92c94d1b0,火鉢,不燃・粗大,,,,
bfcc4cbe-7741-4322-ae7f-2de92c94d1b0,びん（飲食用・調味料）,資源回収,中身を使い切り、水洗いして出す。割れたびん、化粧品のびんは不燃・粗大ごみへ,,,
bfcc4cbe-7741-4322-ae7f-2de92c94d1b0,ファイル（プラスチック）,可燃ごみ,金属部分は不燃・粗大ごみへ。紙製のものは金属部分をはずし集団回収へ,,,
bfcc4cbe-7741-4322-ae7f-2de92c94d1b0,ファックス機（家庭用）,不燃・粗大,電池は外して出す,小,○,
bfcc4cbe-7741-4322-ae7f-2de92c94d1b0,ファンヒーター,不燃・粗大,灯油、電池を抜いて出す,小,,○
bfcc4cbe-7741-4322-ae7f-2de92c94d1b0,フィルム、フィルムケース,可燃ごみ,,,,
bfcc4cbe-7741-4322-ae7f-2de92c94d1b0,ふすま,不燃・粗大,個人で取り外したものに限る。解体して１ｍ以内であれば可燃ごみでも可,,,
bfcc4cbe-7741-4322-ae7f-2de92c94d1b0,腹筋マシン（健康器具）,不燃・粗大,,,○,
bfcc4cbe-7741-4322-ae7f-2de92c94d1b0,仏壇,不燃・粗大,,,○,
bfcc4cbe-7741-4322-ae7f-2de92c94d1b0,筆,可燃ごみ,,,,
bfcc4cbe-7741-4322-ae7f-2de92c94d1b0,布団,可燃ごみ,指定袋に入れるか、たたんでヒモでしばり【不用】と表示して出す,,,
bfcc4cbe-7741-4322-ae7f-2de92c94d1b0,布団カバー,可燃ごみ,自治会・町内会等で実施している集団回収で集めている場合はできるだけそちらへ,,,
bfcc4cbe-7741-4322-ae7f-2de92c94d1b0,布団乾燥機,不燃・粗大,布団を入れるビニール袋は可燃ごみへ,小,○,
bfcc4cbe-7741-4322-ae7f-2de92c94d1b0,フードプロセッサー,不燃・粗大,,小,○,
bfcc4cbe-7741-4322-ae7f-2de92c94d1b0,フライパン,不燃・粗大,,,,清水
bfcc4cbe-7741-4322-ae7f-2de92c94d1b0,ブラインド（金属・非金属）,不燃・粗大,,,○,
bfcc4cbe-7741-4322-ae7f-2de92c94d1b0,プラスチックケース,可燃ごみ,,,,
bfcc4cbe-7741-4322-ae7f-2de92c94d1b0,プラモデル,可燃ごみ,,,,
bfcc4cbe-7741-4322-ae7f-2de92c94d1b0,プランター（木製、プラスチック製）,可燃ごみ,１ｍを超えるものは不燃・粗大ごみへ,,,
bfcc4cbe-7741-4322-ae7f-2de92c94d1b0,ぶら下り健康器（健康器具）,不燃・粗大,,,○,
bfcc4cbe-7741-4322-ae7f-2de92c94d1b0,プリンタ（家庭用）,不燃・粗大,インクカートリッジは販売店等の回収箱へ,小,,
bfcc4cbe-7741-4322-ae7f-2de92c94d1b0,BD（ブルーレイディスク）,可燃ごみ,,,,
bfcc4cbe-7741-4322-ae7f-2de92c94d1b0,BDプレーヤー,不燃・粗大,,小,,
bfcc4cbe-7741-4322-ae7f-2de92c94d1b0,BDレコーダー,不燃・粗大,,小,,
bfcc4cbe-7741-4322-ae7f-2de92c94d1b0,プロジェクター,不燃・粗大,,小,,
bfcc4cbe-7741-4322-ae7f-2de92c94d1b0,風呂釜,不燃・粗大,,,,
bfcc4cbe-7741-4322-ae7f-2de92c94d1b0,風呂敷（布）,可燃ごみ,自治会・町内会等で実施している集団回収で集めている場合はできるだけそちらへ,,,
bfcc4cbe-7741-4322-ae7f-2de92c94d1b0,風呂敷（ビニール）,可燃ごみ,,,,
bfcc4cbe-7741-4322-ae7f-2de92c94d1b0,風呂のふた（木製、プラスチック製）,可燃ごみ,指定袋に入れるか、1m以内にしてヒモでしばり、【不用】と表示して出す　1mを超える場合は不燃・粗大ごみへ,,,
bfcc4cbe-7741-4322-ae7f-2de92c94d1b0,ＦＤ（フロッピーディスク）,可燃ごみ,,,,
bfcc4cbe-7741-4322-ae7f-2de92c94d1b0,譜面立（金属・非金属）,不燃・粗大,可燃性のもので解体して１ｍ以内であれば可燃ごみでも可,,○,
bfcc4cbe-7741-4322-ae7f-2de92c94d1b0,噴霧器（電動・エンジン式）,不燃・粗大,事業用は不可　電動式は小型家電でも可,小,,
bfcc4cbe-7741-4322-ae7f-2de92c94d1b0,噴霧器（手動・非金属）,可燃ごみ,１ｍを超えるものは不燃・粗大ごみへ,,,
bfcc4cbe-7741-4322-ae7f-2de92c94d1b0,ヘアピン,不燃・粗大,,,,
bfcc4cbe-7741-4322-ae7f-2de92c94d1b0,ヘアーブラシ,可燃ごみ,,,,
bfcc4cbe-7741-4322-ae7f-2de92c94d1b0,ベッド,不燃・粗大,"セミダブル（幅１４０ｃｍ未満）までは不燃・粗大ごみとして申し込み可。
ダブルサイズは清掃工場（沼上または西ケ谷）に持込みの場合のみ受け入れ可能。それ以上は販売店または製造メーカーに相談",,,
bfcc4cbe-7741-4322-ae7f-2de92c94d1b0,ヘッドホン,不燃・粗大,,小,,
bfcc4cbe-7741-4322-ae7f-2de92c94d1b0,ペットボトル（飲料・調味料）,資源回収,中身を使い切り、水洗いして出す（キャップは外す）　,,,清水
bfcc4cbe-7741-4322-ae7f-2de92c94d1b0,ペット用品（犬小屋、かご、檻）,不燃・粗大,可燃性のもので解体して１ｍ以内であれば可燃ごみでも可,,○,
bfcc4cbe-7741-4322-ae7f-2de92c94d1b0,ベニヤ板,可燃ごみ,１ｍを超えるものは不燃・粗大ごみへ,,,
bfcc4cbe-7741-4322-ae7f-2de92c94d1b0,ベビーカー,不燃・粗大,,,○,
bfcc4cbe-7741-4322-ae7f-2de92c94d1b0,ヘルスメーター,不燃・粗大,,小,,
bfcc4cbe-7741-4322-ae7f-2de92c94d1b0,ベルト,可燃ごみ,取り外しが可能なバックルは不燃・粗大ごみへ,,,
bfcc4cbe-7741-4322-ae7f-2de92c94d1b0,ヘルメット（プラスチック製）,可燃ごみ,,,,
bfcc4cbe-7741-4322-ae7f-2de92c94d1b0,ヘルメット（金属製）,不燃・粗大,,,,
bfcc4cbe-7741-4322-ae7f-2de92c94d1b0,ベンチプレスの台（健康器具）,不燃・粗大,,,○,
bfcc4cbe-7741-4322-ae7f-2de92c94d1b0,ペンキ,収集不可,購入店または取扱店に相談。紙や布にしみこませれば可燃ごみでも可,,,
bfcc4cbe-7741-4322-ae7f-2de92c94d1b0,ペンキの缶,資源回収,中身をふき取って出す。錆や汚れがひどいものは不燃・粗大ごみへ,,,
bfcc4cbe-7741-4322-ae7f-2de92c94d1b0,便器（陶器製）,不燃・粗大,個人で取り外したものに限る,,,
bfcc4cbe-7741-4322-ae7f-2de92c94d1b0,便座（温水洗浄）,不燃・粗大,,小,,
bfcc4cbe-7741-4322-ae7f-2de92c94d1b0,便座（陶器製）,不燃・粗大,個人で取り外したものに限る,,,
bfcc4cbe-7741-4322-ae7f-2de92c94d1b0,便座（プラスチック製）,可燃ごみ,,,,
bfcc4cbe-7741-4322-ae7f-2de92c94d1b0,ホイール（自動車）,不燃・粗大,タイヤ付は不可,,,
bfcc4cbe-7741-4322-ae7f-2de92c94d1b0,ほうき,可燃ごみ,,,,
bfcc4cbe-7741-4322-ae7f-2de92c94d1b0,帽子,可燃ごみ,,,,
bfcc4cbe-7741-4322-ae7f-2de92c94d1b0,包装紙,集団回収,古紙類は、自治会・町内会等で実施している集団古紙回収や民間事業者等へ,,,
bfcc4cbe-7741-4322-ae7f-2de92c94d1b0,包丁,不燃・粗大,刃は紙等に包んで、危険防止措置をして出す,,,
bfcc4cbe-7741-4322-ae7f-2de92c94d1b0,防具（スポーツ用）,不燃・粗大,可燃性で指定袋に入るもの、１ｍ以内のものは可燃ごみへ,,○,
bfcc4cbe-7741-4322-ae7f-2de92c94d1b0,ボウリングの球,不燃・粗大,,,,
bfcc4cbe-7741-4322-ae7f-2de92c94d1b0,ボウル（金属製）,不燃・粗大,,,,清水
bfcc4cbe-7741-4322-ae7f-2de92c94d1b0,ホース,可燃ごみ,,,,
bfcc4cbe-7741-4322-ae7f-2de92c94d1b0,ホースリール,可燃ごみ,金属製のものは不燃・粗大ごみへ,,○,
bfcc4cbe-7741-4322-ae7f-2de92c94d1b0,ボール（球）,可燃ごみ,空気を抜けるものは抜く,,,
bfcc4cbe-7741-4322-ae7f-2de92c94d1b0,ホーロー鍋,不燃・粗大,,,,清水
bfcc4cbe-7741-4322-ae7f-2de92c94d1b0,ホームベーカリー,不燃・粗大,,小,○,
bfcc4cbe-7741-4322-ae7f-2de92c94d1b0,歩行器（大人用、子ども用）,不燃・粗大,,,○,
bfcc4cbe-7741-4322-ae7f-2de92c94d1b0,ポスター,集団回収,古紙類は、自治会・町内会等で実施している集団古紙回収や民間事業者等へ,,,
bfcc4cbe-7741-4322-ae7f-2de92c94d1b0,ポスト（金属・非金属）,不燃・粗大,可燃性のものは可燃ごみでも可,,○,
bfcc4cbe-7741-4322-ae7f-2de92c94d1b0,ボタン電池（型式ＳＲ・ＰＲ・ＬＲ）,収集不可,家電販売店等の回収ボックス・回収缶へ,,,
bfcc4cbe-7741-4322-ae7f-2de92c94d1b0,ボタン電池（型式ＣＲ・ＢＲ）,不燃・粗大,小袋等に入れ、他の不燃・粗大ごみと分けて出す,,,
bfcc4cbe-7741-4322-ae7f-2de92c94d1b0,ポット（電気式）,不燃・粗大,,小,○,
bfcc4cbe-7741-4322-ae7f-2de92c94d1b0,ポット（電気式以外）,不燃・粗大,,,○,
bfcc4cbe-7741-4322-ae7f-2de92c94d1b0,ホットカーペット,不燃・粗大,,小,,
bfcc4cbe-7741-4322-ae7f-2de92c94d1b0,ホットカーラー,不燃・粗大,,小,,
bfcc4cbe-7741-4322-ae7f-2de92c94d1b0,ホットプレート,不燃・粗大,,小,○,
bfcc4cbe-7741-4322-ae7f-2de92c94d1b0,哺乳びん（ガラス製）,不燃・粗大,,,,
bfcc4cbe-7741-4322-ae7f-2de92c94d1b0,哺乳びん（プラスチック製）,可燃ごみ,,,,
bfcc4cbe-7741-4322-ae7f-2de92c94d1b0,ポリタンク、ポリバケツ,可燃ごみ,指定袋に入れるか、【不用】と表示して出す,,,
bfcc4cbe-7741-4322-ae7f-2de92c94d1b0,ボルト,不燃・粗大,,,,
bfcc4cbe-7741-4322-ae7f-2de92c94d1b0,保冷剤,可燃ごみ,,,,
bfcc4cbe-7741-4322-ae7f-2de92c94d1b0,本,集団回収,古紙類は、自治会・町内会等で実施している集団古紙回収や民間事業者等へ,,,
bfcc4cbe-7741-4322-ae7f-2de92c94d1b0,本棚（金属製）,不燃・粗大,,,,
bfcc4cbe-7741-4322-ae7f-2de92c94d1b0,本棚（木製）,不燃・粗大,解体して１ｍ以内であれば可燃ごみでも可,,,
bfcc4cbe-7741-4322-ae7f-2de92c94d1b0,マウス,不燃・粗大,,小,,
bfcc4cbe-7741-4322-ae7f-2de92c94d1b0,マガジンラック（金属・非金属）,不燃・粗大,可燃性のものは、解体して１ｍ以内であれば可燃ごみでも可,,○,
bfcc4cbe-7741-4322-ae7f-2de92c94d1b0,枕,可燃ごみ,指定袋に入れるか、【不用】と表示して出す,,,
bfcc4cbe-7741-4322-ae7f-2de92c94d1b0,マスク,可燃ごみ,,,,
bfcc4cbe-7741-4322-ae7f-2de92c94d1b0,マッサージ機（電気式）,不燃・粗大,,小,,
bfcc4cbe-7741-4322-ae7f-2de92c94d1b0,マッサージチェア,不燃・粗大,,小,,
bfcc4cbe-7741-4322-ae7f-2de92c94d1b0,マット（ウレタンマット等）,可燃ごみ,指定袋に入れるか、たたんでヒモでしばり【不用】と表示して出す,,,
bfcc4cbe-7741-4322-ae7f-2de92c94d1b0,マットレス（スプリングあり）,不燃・粗大,"セミダブル（幅１４０ｃｍ未満）までは不燃・粗大ごみとして申し込み可。
ダブルサイズは清掃工場（沼上または西ケ谷）に持込みの場合のみ受け入れ可能。それ以上は販売店または製造メーカーに相談",,,
bfcc4cbe-7741-4322-ae7f-2de92c94d1b0,マットレス（スプリングなし）,可燃ごみ,指定袋に入れるか、たたんでヒモでしばり【不用】と表示して出す,,,
bfcc4cbe-7741-4322-ae7f-2de92c94d1b0,まな板,可燃ごみ,,,,
bfcc4cbe-7741-4322-ae7f-2de92c94d1b0,マニキュアのびん,不燃・粗大,中身を使い切って出す,,,
bfcc4cbe-7741-4322-ae7f-2de92c94d1b0,ミキサー,不燃・粗大,,小,○,
bfcc4cbe-7741-4322-ae7f-2de92c94d1b0,ミシン,不燃・粗大,電動式は小型家電でも可,小,○,
bfcc4cbe-7741-4322-ae7f-2de92c94d1b0,ミシン台,不燃・粗大,可燃性のものは、解体して１ｍ以内であれば可燃ごみでも可,,,
bfcc4cbe-7741-4322-ae7f-2de92c94d1b0,虫めがね,不燃・粗大,すべてプラスチックでできたものは可燃ごみへ,,,
bfcc4cbe-7741-4322-ae7f-2de92c94d1b0,めがね（プラスチック製）,可燃ごみ,それ以外の素材は不燃・粗大ごみへ,,,
bfcc4cbe-7741-4322-ae7f-2de92c94d1b0,メモ用紙,集団回収,古紙類は、自治会・町内会等で実施している集団古紙回収や民間事業者等へ,,,
bfcc4cbe-7741-4322-ae7f-2de92c94d1b0,毛布（電気式以外）,可燃ごみ,指定袋に入れるか、たたんでヒモでしばり【不用】と表示して出す,,,
bfcc4cbe-7741-4322-ae7f-2de92c94d1b0,毛布（電気式）,不燃・粗大,,小,,
bfcc4cbe-7741-4322-ae7f-2de92c94d1b0,木炭,可燃ごみ,,,,
bfcc4cbe-7741-4322-ae7f-2de92c94d1b0,餅つき機,不燃・粗大,,小,○,
bfcc4cbe-7741-4322-ae7f-2de92c94d1b0,モップ,可燃ごみ,柄は、不燃・粗大ごみへ,,,
bfcc4cbe-7741-4322-ae7f-2de92c94d1b0,モデルガン（非金属）,不燃・粗大,,,,
bfcc4cbe-7741-4322-ae7f-2de92c94d1b0,モデルガン（金属製）,不燃・粗大,,,,
bfcc4cbe-7741-4322-ae7f-2de92c94d1b0,物置,不燃・粗大,一坪サイズ以内の、解体済のものに限る　金属製は分別収集,,,
bfcc4cbe-7741-4322-ae7f-2de92c94d1b0,物干し竿（金属・非金属）,不燃・粗大,可燃性のものは、解体して１ｍ以内であれば可燃ごみでも可,,○,
bfcc4cbe-7741-4322-ae7f-2de92c94d1b0,物干し台（金属・非金属）,不燃・粗大,コンクリート付きも可,,○,
bfcc4cbe-7741-4322-ae7f-2de92c94d1b0,やかん,不燃・粗大,,,,清水
bfcc4cbe-7741-4322-ae7f-2de92c94d1b0,薬品（農薬・劇薬等）,収集不可,購入店または取扱店、製造メーカーに相談,,,
bfcc4cbe-7741-4322-ae7f-2de92c94d1b0,浴衣,可燃ごみ,自治会・町内会等で実施している集団回収で集めている場合はできるだけそちらへ,,,
bfcc4cbe-7741-4322-ae7f-2de92c94d1b0,湯たんぽ（金属製）,不燃・粗大,,,,清水
bfcc4cbe-7741-4322-ae7f-2de92c94d1b0,湯たんぽ（プラスチック製、ゴム製）,可燃ごみ,,,,
bfcc4cbe-7741-4322-ae7f-2de92c94d1b0,湯沸かし器,不燃・粗大,個人で取り外したものに限る,,,
bfcc4cbe-7741-4322-ae7f-2de92c94d1b0,養生シート,可燃ごみ,事業用は収集不可,,,
bfcc4cbe-7741-4322-ae7f-2de92c94d1b0,ヨーグルトのびん,資源回収,,,,
bfcc4cbe-7741-4322-ae7f-2de92c94d1b0,浴槽,不燃・粗大,個人で取り外したものに限る,,○,
bfcc4cbe-7741-4322-ae7f-2de92c94d1b0,よしず,可燃ごみ,指定袋に入れるか、1m以内にして束ねて出す,,,
bfcc4cbe-7741-4322-ae7f-2de92c94d1b0,ライター,不燃・粗大,中が見える小袋等に入れ、他のものと分けて出す,,○,
bfcc4cbe-7741-4322-ae7f-2de92c94d1b0,ラジオ・ラジカセ,不燃・粗大,電池は外す,小,○,
bfcc4cbe-7741-4322-ae7f-2de92c94d1b0,ラップ,可燃ごみ,,,,
bfcc4cbe-7741-4322-ae7f-2de92c94d1b0,ラップの箱,集団回収,古紙類は、自治会・町内会等で実施している集団古紙回収や民間事業者等へ。金具はとる,,,
bfcc4cbe-7741-4322-ae7f-2de92c94d1b0,ランチジャー,不燃・粗大,,,,
bfcc4cbe-7741-4322-ae7f-2de92c94d1b0,ランドセル,可燃ごみ,,,,
bfcc4cbe-7741-4322-ae7f-2de92c94d1b0,ランニングマシン（健康器具）,不燃・粗大,,小,○,
bfcc4cbe-7741-4322-ae7f-2de92c94d1b0,リール（釣り具）,不燃・粗大,,,,
bfcc4cbe-7741-4322-ae7f-2de92c94d1b0,リコーダー,可燃ごみ,,,,
bfcc4cbe-7741-4322-ae7f-2de92c94d1b0,リモコン,不燃・粗大,電池は外す,小,,
bfcc4cbe-7741-4322-ae7f-2de92c94d1b0,リヤカー,不燃・粗大,事業用は収集不可,,,
bfcc4cbe-7741-4322-ae7f-2de92c94d1b0,ルーフボックス（車用品）,不燃・粗大,,,○,
bfcc4cbe-7741-4322-ae7f-2de92c94d1b0,冷蔵庫・冷凍庫,収集不可,家電リサイクル法対象品,,,
bfcc4cbe-7741-4322-ae7f-2de92c94d1b0,レコード,可燃ごみ,,,,
bfcc4cbe-7741-4322-ae7f-2de92c94d1b0,レコードプレイヤー,不燃・粗大,,小,○,
bfcc4cbe-7741-4322-ae7f-2de92c94d1b0,レジャーシート,可燃ごみ,指定袋に入れるか、たたんでヒモでしばり【不用】と表示して出す,,,
bfcc4cbe-7741-4322-ae7f-2de92c94d1b0,レンガ,収集不可,購入店または取扱店、製造メーカーに相談,,,
bfcc4cbe-7741-4322-ae7f-2de92c94d1b0,レンジ台,不燃・粗大,木製やプラスチック製などの可燃性で、解体して１ｍ以内であれば可燃ごみでも可,,,
bfcc4cbe-7741-4322-ae7f-2de92c94d1b0,ロープ（ワイヤーは除く）,可燃ごみ,,,,
bfcc4cbe-7741-4322-ae7f-2de92c94d1b0,ローイングマシン（健康器具）,不燃・粗大,,,○,
bfcc4cbe-7741-4322-ae7f-2de92c94d1b0,ロースター,不燃・粗大,,,○,
bfcc4cbe-7741-4322-ae7f-2de92c94d1b0,ローボード（金属・非金属）,不燃・粗大,木製やプラスチック製などの可燃性で、解体して１ｍ以内であれば可燃ごみでも可,,○,
bfcc4cbe-7741-4322-ae7f-2de92c94d1b0,ロッカー（金属・非金属）,不燃・粗大,木製やプラスチック製などの可燃性で、解体して１ｍ以内であれば可燃ごみでも可,,○,
bfcc4cbe-7741-4322-ae7f-2de92c94d1b0,ロッキングチェア,不燃・粗大,,,,
bfcc4cbe-7741-4322-ae7f-2de92c94d1b0,ワープロ,不燃・粗大,電池が外れるものは外す,小,,
bfcc4cbe-7741-4322-ae7f-2de92c94d1b0,ワイヤー,収集不可,購入店または取扱店、製造メーカーに相談,,,
bfcc4cbe-7741-4322-ae7f-2de92c94d1b0,和紙（半紙、障子紙）,可燃ごみ,,,,
bfcc4cbe-7741-4322-ae7f-2de92c94d1b0,割り箸,可燃ごみ,,,,
